{"art-mini": {"nb_params": 151277313, "image_feature_resolution": [1, 512], "image_text_feature_resolution": [1, 512], "max_tokens": 77, "text_dim": [1, 512], "img_dim": [1, 512], "forward_time": {"mean": 0.02222500741481781, "std": 0.003595944049608428}, "resolution": "224x224"}, "art-base": {"nb_params": 427616513, "image_feature_resolution": [1, 768], "image_text_feature_resolution": [1, 768], "max_tokens": 77, "text_dim": [1, 768], "img_dim": [1, 768], "forward_time": {"mean": 0.033699998259544374, "std": 0.001228914393211201}, "resolution": "224x224"}, "art-large": {"nb_params": 427944193, "image_feature_resolution": [1, 768], "image_text_feature_resolution": [1, 768], "max_tokens": 77, "text_dim": [1, 768], "img_dim": [1, 768], "forward_time": {"mean": 0.06453118622303008, "std": 0.002140829797970444}, "resolution": "336x336"}}