type,loss,average_position,mrr,recall@1,recall@5,recall@10,nDCG@1,nDCG@5,nDCG@10
attached,3.3084008892063346,338.0205371248025,0.0711438314083764,0.03317535545023697,0.09741969457609267,0.14007372301211163,0.03317535545023697,0.06578077641948182,0.07944717670274665
