type,loss,average_position,mrr,recall@1,recall@5,recall@10,nDCG@1,nDCG@5,nDCG@10
attached,5.542006463487253,480.06108478146393,0.0382500370215597,0.01474460242232754,0.04739336492890995,0.07214323328067404,0.01474460242232754,0.03138688834098719,0.03932226496591968
