type,loss,average_position,mrr,recall@1,recall@5,recall@10,nDCG@1,nDCG@5,nDCG@10
attached,3.551166121616936,149.88309636650868,0.1454049629925691,0.07793575566087414,0.1953659820958399,0.27488151658767773,0.07793575566087414,0.1389935470316963,0.16480846496177143
