type,loss,average_position,mrr,recall@1,recall@5,recall@10,nDCG@1,nDCG@5,nDCG@10
attached,0.687308546428369,53.39915745129015,0.23518108739972926,0.1358609794628752,0.32701421800947866,0.4418114797261717,0.1358609794628752,0.23273387074032245,0.26973669650512494
