type,loss,average_position,mrr,recall@1,recall@5,recall@10,nDCG@1,nDCG@5,nDCG@10
attached,3.2933491799252606,372.64823591363876,0.06252176566542698,0.028962611901000527,0.08478146392838336,0.12006319115323855,0.028962611901000527,0.0571849545033219,0.06836580365804741
