type,loss,average_position,mrr,recall@1,recall@5,recall@10,nDCG@1,nDCG@5,nDCG@10
attached,1.532830047475595,104.45286993154292,0.15015588594344526,0.07740916271721959,0.20431806213796735,0.30279094260136913,0.07740916271721959,0.14122086214978935,0.17291788868493083
