type,loss,average_position,mrr,recall@1,recall@5,recall@10,nDCG@1,nDCG@5,nDCG@10
attached,0.9632549799072422,48.87888362295945,0.26042813527875264,0.1500789889415482,0.37177461822011587,0.4918378093733544,0.1500789889415482,0.2635255324723067,0.30231577055413483
