type,loss,average_position,mrr,recall@1,recall@5,recall@10,nDCG@1,nDCG@5,nDCG@10
attached,2.4052808956449567,349.6024223275408,0.06597224562601495,0.030542390731964193,0.08583464981569247,0.13375460768825698,0.030542390731964193,0.058689833722936145,0.07418822424051305
