lang,average_position,mrr,recall@1,recall@3,recall@5,recall@10,nDCG@1,nDCG@3,nDCG@5,nDCG@10
fr,11.375757575757575,0.5457680600630161,0.43636363636363634,0.6060606060606061,0.6727272727272727,0.8,0.43636363636363634,0.5315277987662359,0.5594427738346645,0.5993187866216714
en,2.9393939393939394,0.7342877352725836,0.6060606060606061,0.8545454545454545,0.896969696969697,0.9393939393939394,0.6060606060606061,0.7509343854112593,0.7689399136274706,0.7823579268527253
nl,27.01212121212121,0.2877936671933077,0.1696969696969697,0.3212121212121212,0.37575757575757573,0.503030303030303,0.1696969696969697,0.2613248186147222,0.2840194717671099,0.32585702402888833
