lang,average_position,mrr,recall@1,recall@3,recall@5,recall@10,nDCG@1,nDCG@3,nDCG@5,nDCG@10
fr,8.012121212121212,0.5456047734712132,0.4,0.6363636363636364,0.7151515151515152,0.8121212121212121,0.4,0.5380196596320388,0.5711549566165086,0.6034424933502422
en,3.0787878787878786,0.7636496797351029,0.6484848484848484,0.8424242424242424,0.9030303030303031,0.9454545454545454,0.6484848484848484,0.7676729278787922,0.7927121434992678,0.806217640852533
nl,18.587878787878786,0.386169629250863,0.26666666666666666,0.42424242424242425,0.503030303030303,0.6242424242424243,0.26666666666666666,0.3597377912987045,0.39234189130330965,0.43066121251506917
