lang,average_position,mrr,recall@1,recall@3,recall@5,recall@10,nDCG@1,nDCG@3,nDCG@5,nDCG@10
fr,4.024242424242424,0.7136929003033269,0.6060606060606061,0.793939393939394,0.8484848484848485,0.9272727272727272,0.6060606060606061,0.7142832458441587,0.736712300506614,0.7626683752850029
en,2.0787878787878786,0.8198655335724302,0.7272727272727273,0.8909090909090909,0.9393939393939394,0.9696969696969697,0.7272727272727273,0.8265482095671028,0.8455703078017404,0.8552018043593612
nl,9.296969696969697,0.5397360229593308,0.4121212121212121,0.6121212121212121,0.6909090909090909,0.7818181818181819,0.4121212121212121,0.5287849989393972,0.5608579019641374,0.5907610550570396
