lang,average_position,mrr,recall@1,recall@3,recall@5,recall@10,nDCG@1,nDCG@3,nDCG@5,nDCG@10
fr,5.381818181818182,0.6689691530246625,0.5515151515151515,0.7454545454545455,0.8303030303030303,0.8909090909090909,0.5515151515151515,0.6643551216450246,0.6987725871378531,0.7192250535270356
en,1.7696969696969698,0.8284776334776331,0.7212121212121212,0.9454545454545454,0.9575757575757575,0.9878787878787879,0.7212121212121212,0.8531711747835534,0.8581258982096621,0.8677420269766681
nl,9.187878787878788,0.5652702798156094,0.43636363636363634,0.6484848484848484,0.7090909090909091,0.7878787878787878,0.43636363636363634,0.5614685702164541,0.5870389828167948,0.6125609217095259
