lang,average_position,mrr,recall@1,recall@3,recall@5,recall@10,nDCG@1,nDCG@3,nDCG@5,nDCG@10
fr,3.4060606060606062,0.751595443399736,0.6545454545454545,0.8121212121212121,0.8666666666666667,0.9090909090909091,0.6545454545454545,0.7499971201515183,0.772160576324041,0.785934367659218
en,1.8242424242424242,0.8513516113516112,0.7757575757575758,0.9090909090909091,0.9393939393939394,0.9878787878787879,0.7757575757575758,0.8559139746103921,0.8684335824206302,0.8840531688610018
nl,7.13939393939394,0.5638556431521173,0.42424242424242425,0.6363636363636364,0.7575757575757576,0.8484848484848485,0.42424242424242425,0.5485538444372331,0.5983666771882523,0.6273898702447371
