lang,average_position,mrr,recall@1,recall@3,recall@5,recall@10,nDCG@1,nDCG@3,nDCG@5,nDCG@10
fr,7.975757575757576,0.5309553384467005,0.4,0.6121212121212121,0.696969696969697,0.8,0.4,0.5211373655627736,0.5563516265253994,0.5881606764997258
en,2.8666666666666667,0.7793219127070156,0.6545454545454545,0.896969696969697,0.9151515151515152,0.9393939393939394,0.6545454545454545,0.8019435264718664,0.8092428123660633,0.8176312150212742
nl,16.921212121212122,0.39451935229450347,0.26666666666666666,0.45454545454545453,0.5212121212121212,0.6484848484848484,0.26666666666666666,0.3764763337662373,0.40386011185480125,0.44378030565070625
