lang,average_position,mrr,recall@1,recall@3,recall@5,recall@10,nDCG@1,nDCG@3,nDCG@5,nDCG@10
fr,3.290909090909091,0.758457990613071,0.6545454545454545,0.8303030303030303,0.8545454545454545,0.9212121212121213,0.6545454545454545,0.7622620838744626,0.7724371292166123,0.7947379526238166
en,1.9757575757575758,0.8390810704447069,0.7515151515151515,0.9090909090909091,0.9515151515151515,0.9757575757575757,0.7515151515151515,0.8461733034632065,0.8641788316794177,0.8720216815190842
nl,3.7696969696969695,0.7336282205574811,0.6303030303030303,0.806060606060606,0.8666666666666667,0.9090909090909091,0.6303030303030303,0.7340520913419946,0.7588257084725379,0.772672577326584
