lang,average_position,mrr,recall@1,recall@3,recall@5,recall@10,nDCG@1,nDCG@3,nDCG@5,nDCG@10
fr,3.4363636363636365,0.7480305439262659,0.6545454545454545,0.793939393939394,0.8727272727272727,0.9090909090909091,0.6545454545454545,0.7385256700865827,0.77139536858112,0.7833958809889575
en,1.8,0.8502258852258852,0.7636363636363637,0.9212121212121213,0.9515151515151515,0.9878787878787879,0.7636363636363637,0.8590880292424274,0.8721388340325301,0.8838055005605083
nl,3.684848484848485,0.7287506070448746,0.6181818181818182,0.806060606060606,0.8666666666666667,0.9333333333333333,0.6181818181818182,0.7295785125974061,0.7548833267078144,0.7760930444839298
