lang,fold#,loss,average_position,mrr,recall@1,recall@5,recall@10,nDCG@1,nDCG@5,nDCG@10
en,0,2.880547676009205,96.00404858299595,0.15499846658525346,0.0796221322537112,0.21727395411605938,0.3049932523616734,0.0796221322537112,0.15021413883942375,0.17890721466662834
en,1,2.8465055947603,96.2914979757085,0.15016914828512265,0.07692307692307693,0.21322537112010798,0.2874493927125506,0.07692307692307693,0.14642706089485322,0.1707746116690058
en,2,2.902314647489231,98.3144399460189,0.15776464690679828,0.0796221322537112,0.22402159244264508,0.3076923076923077,0.0796221322537112,0.1545986602995137,0.18199840306369092
fr,0,3.4627270539279893,131.75708502024293,0.10808726783086404,0.04723346828609987,0.15384615384615385,0.22672064777327935,0.04723346828609987,0.10194862020739898,0.12561096134718797
fr,1,3.473855128815943,130.7246963562753,0.10360614261321278,0.03913630229419703,0.15384615384615385,0.22807017543859648,0.03913630229419703,0.09848925854957606,0.12244511976879856
fr,2,3.484686173569014,128.8677462887989,0.10582816967149353,0.044534412955465584,0.15654520917678813,0.22267206477732793,0.044534412955465584,0.10135939886927045,0.12270415950949694
nl,0,4.224009440495418,188.57894736842104,0.07401242418383708,0.03508771929824561,0.10256410256410256,0.14304993252361672,0.03508771929824561,0.06768585025778918,0.08074390191040792
nl,1,4.275976654006402,187.79757085020242,0.07114476643782887,0.033738191632928474,0.09176788124156546,0.1349527665317139,0.033738191632928474,0.06282339265036248,0.07670524051122024
nl,2,4.242467516186106,187.35897435897436,0.07144126839536327,0.03508771929824561,0.0931174089068826,0.13360323886639677,0.03508771929824561,0.06312634394468838,0.07623928943893536
