lang,fold#,loss,average_position,mrr,recall@1,recall@5,recall@10,nDCG@1,nDCG@5,nDCG@10
en,0,1.7524564550151387,78.13630229419704,0.1778414424199243,0.09581646423751687,0.242914979757085,0.3616734143049933,0.09581646423751687,0.1696976881178678,0.20808670434875973
en,1,1.719402735049908,76.62483130904184,0.19076631067712346,0.1039136302294197,0.2699055330634278,0.3900134952766532,0.1039136302294197,0.18659635416085082,0.22541052850398208
en,2,1.7692352522079118,79.85964912280701,0.1698853163971434,0.08771929824561403,0.23346828609986506,0.3441295546558704,0.08771929824561403,0.16154695384167822,0.19719075380560702
fr,0,2.310154804333984,111.0391363022942,0.1438508959175063,0.07827260458839407,0.19298245614035087,0.2874493927125506,0.07827260458839407,0.13499191364700497,0.1657722115844302
fr,1,2.359441671133363,116.64777327935222,0.1258345845855215,0.0553306342780027,0.18353576248313092,0.2739541160593792,0.0553306342780027,0.11982332907256638,0.14892065512247135
fr,2,2.2767699601759634,109.66261808367072,0.14138153958619787,0.0728744939271255,0.19433198380566802,0.2793522267206478,0.0728744939271255,0.1346274179159169,0.16186835868676525
nl,0,2.740394439130981,148.0242914979757,0.09244509184046422,0.03913630229419703,0.12010796221322537,0.1902834008097166,0.03913630229419703,0.08114117837047655,0.1038469802980448
nl,1,2.797188918439322,155.38326585695006,0.09716661150670444,0.04723346828609987,0.12550607287449392,0.19163292847503374,0.04723346828609987,0.0878536733906751,0.10887958638516448
nl,2,2.6676671210570855,150.6234817813765,0.09205652987620484,0.03913630229419703,0.12955465587044535,0.19433198380566802,0.03913630229419703,0.08452541110346402,0.10524983736912523
