lang,fold#,loss,average_position,mrr,recall@1,recall@5,recall@10,nDCG@1,nDCG@5,nDCG@10
en,0,2.166041705933338,118.02024291497976,0.13912961060428247,0.07557354925775979,0.18488529014844804,0.26045883940620784,0.07557354925775979,0.13211860514228432,0.1563902651519691
en,1,2.06389657559826,110.51686909581646,0.13827305649435997,0.07017543859649122,0.19568151147098514,0.2699055330634278,0.07017543859649122,0.13391507244853462,0.15806015722561575
en,2,2.152039464186078,112.14709851551957,0.15218467882617723,0.08636977058029689,0.19838056680161945,0.27800269905533065,0.08636977058029689,0.1447352927399571,0.1705328176668077
fr,0,2.8078792336498677,159.66396761133603,0.09826082382594274,0.043184885290148446,0.14439946018893388,0.203778677462888,0.043184885290148446,0.09399927191459555,0.1127610365338645
fr,1,2.7428048586877574,161.22537112010795,0.09397978992306012,0.037786774628879895,0.1417004048582996,0.20107962213225372,0.037786774628879895,0.09036321693211481,0.10901843777919333
fr,2,2.6929036872750514,153.92307692307693,0.1014962579652136,0.043184885290148446,0.15384615384615385,0.20917678812415655,0.043184885290148446,0.09919355735302403,0.11665093930542948
nl,0,3.341173112472864,205.17813765182186,0.0787691710735065,0.04183535762483131,0.09041835357624832,0.14709851551956815,0.04183535762483131,0.0678058423688635,0.08577467967837485
nl,1,3.361393731293569,207.97031039136303,0.07288780996460872,0.032388663967611336,0.09446693657219973,0.1417004048582996,0.032388663967611336,0.06441603564489021,0.07980496361287592
nl,2,3.2715181934366986,202.914979757085,0.0767990834682126,0.03913630229419703,0.09176788124156546,0.14035087719298245,0.03913630229419703,0.06659058408141932,0.0823113331719576
