lang,fold#,loss,average_position,mrr,recall@1,recall@5,recall@10,nDCG@1,nDCG@5,nDCG@10
en,0,4.278416436049941,129.45479082321188,0.11401966720839923,0.0553306342780027,0.16194331983805668,0.2321187584345479,0.0553306342780027,0.10736268135138369,0.1302874530412317
en,1,4.354972471270645,130.92712550607288,0.11557639644567054,0.058029689608636977,0.16059379217273953,0.21727395411605938,0.058029689608636977,0.10958115052604135,0.12816178695679953
en,2,4.231958879632988,123.32658569500674,0.12118227992864442,0.06477732793522267,0.16059379217273953,0.23346828609986506,0.06477732793522267,0.11215147339182416,0.13591151895027387
fr,0,4.702315363967628,164.72604588394063,0.07945055515649761,0.03643724696356275,0.09446693657219973,0.16734143049932523,0.03643724696356275,0.06657943883280008,0.09000846362376858
fr,1,4.731092005123494,166.19568151147098,0.06915891146520738,0.02699055330634278,0.0796221322537112,0.1592442645074224,0.02699055330634278,0.05403157631228725,0.07972687069548187
fr,2,4.7037310864117785,165.86639676113361,0.07639581575672524,0.02834008097165992,0.0931174089068826,0.1700404858299595,0.02834008097165992,0.06283238176240709,0.08777016240605286
nl,0,4.7897342046101885,198.83670715249661,0.06378914278287805,0.029689608636977057,0.07557354925775979,0.11875843454790823,0.029689608636977057,0.052723494889915276,0.06656533143719802
nl,1,4.97301287786198,205.7327935222672,0.0495667965209558,0.020242914979757085,0.058029689608636977,0.08636977058029689,0.020242914979757085,0.03909708269928525,0.048141305426441856
nl,2,4.828595460024279,199.64237516869096,0.055858448371254574,0.024291497975708502,0.06072874493927125,0.09716599190283401,0.024291497975708502,0.043271229063944414,0.055094388467793874
