lang,fold#,loss,average_position,mrr,recall@1,recall@5,recall@10,nDCG@1,nDCG@5,nDCG@10
en,0,4.942274075609792,180.60323886639677,0.08536582859721209,0.044534412955465584,0.10526315789473684,0.15519568151147098,0.044534412955465584,0.07589889681651228,0.0916716329983434
en,1,4.965642105390829,179.42780026990553,0.07962275778512672,0.037786774628879895,0.10661268556005399,0.15114709851551958,0.037786774628879895,0.07239153813203617,0.08648559897064466
en,2,4.8718902829848485,179.944669365722,0.09383963239776011,0.05128205128205128,0.11875843454790823,0.1659919028340081,0.05128205128205128,0.086588015915088,0.10157224446392638
fr,0,5.161520102085212,212.251012145749,0.050502241906273046,0.017543859649122806,0.06342780026990553,0.10796221322537113,0.017543859649122806,0.0404802921353752,0.05491268089114015
fr,1,5.176603399629374,211.8097165991903,0.05510546742495436,0.022941970310391364,0.06747638326585695,0.10931174089068826,0.022941970310391364,0.04572086612881006,0.05911473134806756
fr,2,5.062899113344921,208.1039136302294,0.05515449690692037,0.018893387314439947,0.07152496626180836,0.11875843454790823,0.018893387314439947,0.045733718937958696,0.060956397520496274
nl,0,5.677669771608875,263.6207827260459,0.03166740652605584,0.008097165991902834,0.037786774628879895,0.059379217273954114,0.008097165991902834,0.024181992679139935,0.03105752523776852
nl,1,5.626684047915192,259.32658569500677,0.03772952948690371,0.012145748987854251,0.04993252361673414,0.07152496626180836,0.012145748987854251,0.03169310642905797,0.03865937445605016
nl,2,5.649846474651383,260.4102564102564,0.035441648105461764,0.012145748987854251,0.044534412955465584,0.06342780026990553,0.012145748987854251,0.028675076987687984,0.03467979711254342
