lang,fold#,loss,average_position,mrr,recall@1,recall@5,recall@10,nDCG@1,nDCG@5,nDCG@10
en,0,2.4779015071639807,89.26585695006747,0.16704159865603857,0.0931174089068826,0.21997300944669365,0.32388663967611336,0.0931174089068826,0.15712171690645044,0.1908264547969504
en,1,2.3612574832803004,86.63157894736842,0.1765902113668377,0.10256410256410256,0.23751686909581646,0.32118758434547906,0.10256410256410256,0.1706545751943455,0.19784885804031066
en,2,2.4653896525321217,90.80431848852902,0.17393383227097642,0.10121457489878542,0.22941970310391363,0.33063427800269907,0.10121457489878542,0.16585850342462463,0.19825331359109294
fr,0,3.0221322494962437,120.02699055330635,0.13218088309443088,0.07017543859649122,0.18218623481781376,0.25371120107962214,0.07017543859649122,0.12722267562215317,0.14985444059740446
fr,1,3.134424981157146,127.42105263157895,0.12776336213034006,0.07152496626180836,0.17273954116059378,0.25101214574898784,0.07152496626180836,0.12117449378695425,0.1462110277575018
fr,2,3.1192876768176534,126.18623481781377,0.13465259347145134,0.0728744939271255,0.18353576248313092,0.2631578947368421,0.0728744939271255,0.12928211042651594,0.1545893872223729
nl,0,3.9442604662757494,181.4493927125506,0.07351848172380326,0.029689608636977057,0.09851551956815115,0.14304993252361672,0.029689608636977057,0.06565529199010225,0.08006486753008121
nl,1,3.847251420360506,179.24291497975707,0.0847614092038354,0.03913630229419703,0.11201079622132254,0.16734143049932523,0.03913630229419703,0.07628039215673244,0.09398878853559804
nl,2,3.8042892838015088,176.42375168690958,0.0780394434159317,0.0310391363022942,0.11336032388663968,0.1524966261808367,0.0310391363022942,0.07291047285739044,0.08553604100931714
