lang,fold#,loss,average_position,mrr,recall@1,recall@5,recall@10,nDCG@1,nDCG@5,nDCG@10
en,0,2.7523931849901233,88.91902834008097,0.17107444907034133,0.09716599190283401,0.2145748987854251,0.31983805668016196,0.09716599190283401,0.15771334222830352,0.19176483684104798
en,1,2.806259641039227,93.97840755735493,0.1687822385640459,0.09986504723346828,0.20647773279352227,0.3090418353576248,0.09986504723346828,0.15557877941022275,0.18848754113569038
en,2,2.7369941365220125,91.99460188933872,0.1666565223674963,0.09716599190283401,0.21052631578947367,0.3117408906882591,0.09716599190283401,0.15465605793629245,0.18744984708448165
fr,0,3.2806752360955023,117.22537112010797,0.13068820200859563,0.07152496626180836,0.1767881241565452,0.24021592442645073,0.07152496626180836,0.12428367405845195,0.14481969908509382
fr,1,3.325306433093371,119.32793522267207,0.12391801157816096,0.06342780026990553,0.17543859649122806,0.24021592442645073,0.06342780026990553,0.11858574503215441,0.13933991750223673
fr,2,3.2571007650943824,118.6450742240216,0.12656447790768638,0.06342780026990553,0.17273954116059378,0.242914979757085,0.06342780026990553,0.1198218684480696,0.14230151845864547
nl,0,3.8525956133920976,166.54925775978407,0.08075661829577162,0.032388663967611336,0.10526315789473684,0.16464237516869096,0.032388663967611336,0.07076789954222219,0.08993149465446038
nl,1,3.770396817550968,163.2604588394062,0.07881874625603794,0.032388663967611336,0.10661268556005399,0.16059379217273953,0.032388663967611336,0.06982044924271681,0.08703232586416847
nl,2,3.8087331479699347,161.46963562753035,0.07910645716965767,0.0310391363022942,0.10931174089068826,0.16869095816464239,0.0310391363022942,0.07060161978725897,0.08960456095651287
