lang,loss,average_position,mrr,recall@1,recall@5,recall@10,nDCG@1,nDCG@5,nDCG@10
en,2.007611609158626,140.62063406770554,0.15501726901638443,0.08436324556689952,0.2079527135948415,0.29177861364857605,0.08436324556689952,0.1480912502132797,0.1749690973458197
fr,2.46923978987847,181.74744760881248,0.11437443444636339,0.052659860290166574,0.16281569048898442,0.22568511552928533,0.052659860290166574,0.1094819781503764,0.1297792738837318
nl,3.3160617386122535,266.66362170875874,0.06823648929557313,0.030091348737238045,0.08651262761955937,0.1370231058570661,0.030091348737238045,0.058339294244831974,0.07477483516752946
