lang,loss,average_position,mrr,recall@1,recall@5,recall@10,nDCG@1,nDCG@5,nDCG@10
en,1.4977901728802763,129.37614185921547,0.17624441440659777,0.1031703385276733,0.23589468027941968,0.3277807630306287,0.1031703385276733,0.17029621439598627,0.199598389415234
fr,1.8312408109623408,168.4142933906502,0.12201852342719413,0.05964535196131112,0.16711445459430413,0.23965609887157444,0.05964535196131112,0.11508656442610357,0.13829072693545244
nl,2.1447276923363083,216.16120365394949,0.08828981215774608,0.04030091348737238,0.11929070392262224,0.17947340139709833,0.04030091348737238,0.0798340154004946,0.09915205359917242
