lang,loss,average_position,mrr,recall@1,recall@5,recall@10,nDCG@1,nDCG@5,nDCG@10
en,2.290344210865035,145.13487372380442,0.1616132721265739,0.09188608275120903,0.21601289629231596,0.3014508328855454,0.09188608275120903,0.1552735069419757,0.18266943300126565
fr,2.7035708628566852,179.8097796883396,0.11378547358577268,0.05212251477700161,0.1569048898441698,0.22837184309511016,0.05212251477700161,0.10669247246110929,0.1298586272426708
nl,3.231252920493075,235.4341751746373,0.07939414579050363,0.03439011284255777,0.10800644814615798,0.1595916174099946,0.03439011284255777,0.0713351189107483,0.08795858128412251
