lang,loss,average_position,mrr,recall@1,recall@5,recall@10,nDCG@1,nDCG@5,nDCG@10
en,4.651547620272137,212.93498119290703,0.10187822360393373,0.051047823750671684,0.13970983342289092,0.1972058033315422,0.051047823750671684,0.09537246198770964,0.11391581323895811
fr,5.020354641182073,267.0263299301451,0.07026571996172366,0.030091348737238045,0.09511015583019881,0.14508328855454056,0.030091348737238045,0.062166822264009595,0.07802819279992385
nl,5.152659410049299,308.73723804406234,0.04914449010852265,0.016120365394948953,0.06448146157979581,0.1031703385276733,0.016120365394948953,0.04059443833929589,0.05309784028810096
