lang,loss,average_position,mrr,recall@1,recall@5,recall@10,nDCG@1,nDCG@5,nDCG@10
en,1.7091668422730746,198.75819451907577,0.1225553470634316,0.06233207952713595,0.17195056421278881,0.23428264373992477,0.06233207952713595,0.1176678911224566,0.13799962030586177
fr,2.3477559717415097,267.2923159591617,0.08844079722703029,0.04406233207952714,0.10961848468565287,0.16389038151531435,0.04406233207952714,0.0787501730536438,0.09631885841022055
nl,3.0060198290382645,373.18377216550243,0.05541345481231817,0.02418054809242343,0.07254164427727028,0.11123052122514777,0.02418054809242343,0.04835120729902876,0.06064049382941025
