lang,loss,average_position,mrr,recall@1,recall@5,recall@10,nDCG@1,nDCG@5,nDCG@10
en,2.382377179294488,163.6947877485223,0.14090133870420932,0.07522837184309511,0.19344438473938744,0.27619559376679204,0.07522837184309511,0.13499795698901942,0.16141531330992456
fr,2.8567005240712224,199.3052122514777,0.1030196983742172,0.04674905964535196,0.14239656098871575,0.21117678667383127,0.04674905964535196,0.09581630818532831,0.11790897101044495
nl,3.722012914937392,287.6716818914562,0.06666998110615638,0.030091348737238045,0.08812466415905428,0.13272434175174638,0.030091348737238045,0.05905866190966087,0.07335460633258205
