lang,loss,average_position,mrr,recall@1,recall@5,recall@10,nDCG@1,nDCG@5,nDCG@10
en,4.963520394416985,312.29715206878024,0.0696843051587747,0.032240730789897906,0.09349811929070392,0.1370231058570661,0.032240730789897906,0.062379522554105546,0.07630202870014069
fr,5.468622063129964,394.5905427189683,0.04548157779694144,0.015045674368619023,0.06018269747447609,0.09940891993551854,0.015045674368619023,0.0378376472298782,0.050102158999593895
nl,5.898304838316855,470.02310585706607,0.030777161010969407,0.008597528210639442,0.035464803868887694,0.06448146157979581,0.008597528210639442,0.022878914800988637,0.032130276415147964
