lang,loss,average_position,mrr,recall@1,recall@5,recall@10,nDCG@1,nDCG@5,nDCG@10
en,2.4841550310922527,221.39763567974208,0.112407377676104,0.05749596990865126,0.15045674368619022,0.21708758731864589,0.05749596990865126,0.10517777735536558,0.12630670142611414
fr,3.1080314754350797,279.1869962385814,0.07626481843864027,0.032240730789897906,0.10693175711982805,0.15583019881783988,0.032240730789897906,0.06974034933712091,0.0855205653487
nl,3.9200572971372694,384.37076840408383,0.04672465384623652,0.018269747447608814,0.06394411606663085,0.09833422890918861,0.018269747447608814,0.04031967633867655,0.05125445052055687
