average_position,mrr,recall@1,recall@3,recall@5,recall@10,nDCG@1,nDCG@3,nDCG@5,nDCG@10
75.4092582851131,0.21363108800253705,0.11415044713308785,0.2283008942661757,0.30825881115202525,0.4155707522356654,0.11415044713308785,0.18004156152401202,0.21288690503757113,0.2474078255361036
