average_position,mrr,recall@1,recall@3,recall@5,recall@10,nDCG@1,nDCG@3,nDCG@5,nDCG@10
179.43713834823777,0.13006982476503082,0.06733298264071541,0.13413992635455024,0.17674907943187795,0.2503945291951604,0.06733298264071541,0.10583314138047739,0.12342315580775927,0.14722394311112402
