average_position,mrr,recall@1,recall@3,recall@5,recall@10,nDCG@1,nDCG@3,nDCG@5,nDCG@10
68.9563387690689,0.24348719743880817,0.1315097317201473,0.2719621251972646,0.35192004208311417,0.4723829563387691,0.1315097317201473,0.21296241443037792,0.24592302293825294,0.28489538495406375
