average_position,mrr,recall@1,recall@3,recall@5,recall@10,nDCG@1,nDCG@3,nDCG@5,nDCG@10
291.99947396107314,0.08263123263672303,0.03682272488164124,0.08206207259337191,0.11467648605996844,0.16885849552866913,0.03682272488164124,0.06281723194371451,0.07610274631660681,0.09327767895400897
