average_position,mrr,recall@1,recall@3,recall@5,recall@10,nDCG@1,nDCG@3,nDCG@5,nDCG@10
333.11520252498684,0.07484433351602109,0.034718569174118884,0.0773277222514466,0.10047343503419252,0.13940031562335614,0.034718569174118884,0.0593291047719252,0.06883636071009049,0.08131597314415334
