average_position,mrr,recall@1,recall@3,recall@5,recall@10,nDCG@1,nDCG@3,nDCG@5,nDCG@10
409.7033140452393,0.04672637689928167,0.020515518148342977,0.042609153077327724,0.0583903208837454,0.08206207259337191,0.020515518148342977,0.03328418928947209,0.039827185335224,0.04735759998935407
