average_position,mrr,recall@1,recall@3,recall@5,recall@10,nDCG@1,nDCG@3,nDCG@5,nDCG@10
312.49552866912154,0.0774177543448484,0.036296685954760655,0.0773277222514466,0.10257759074171488,0.1499210941609679,0.036296685954760655,0.05963604413278782,0.07011866960530877,0.08533509474039622
