average_position,mrr,recall@1,recall@3,recall@5,recall@10,nDCG@1,nDCG@3,nDCG@5,nDCG@10
314.845870594424,0.07883435358556454,0.03787480273540242,0.07522356654392424,0.10257759074171488,0.1546554445028932,0.03787480273540242,0.05937302466934753,0.07064659568531893,0.08732156274783691
