average_position,mrr,recall@1,recall@3,recall@5,recall@10,nDCG@1,nDCG@3,nDCG@5,nDCG@10
126.17990531299316,0.14735821182841854,0.07101525512887953,0.14781693845344557,0.20042083114150447,0.31351920042083115,0.07101525512887953,0.11458165782107256,0.13631480131070187,0.17280877097355518
